"12","TBLB","Rabbit",""
"11","TBLB","Rabbit","foil"
"10","BLB","Treeguard Duo",""
"10","BLB","Hop to It",""
"7","BLB","Druid of the Spade",""
"7","BLB","Rabbit Response",""
"7","BLB","Flowerfoot Swordmaster",""
"6","BLB","Pearl of Wisdom",""
"6","BLB","Alania's Pathmaker",""
"6","BLB","Forest (0377)",""
"6","BLB","Plains (0370)",""
"6","BLB","Mountain (0376)",""
"6","BLB","Mountain (0375)",""
"6","BLB","Island (0371)",""
"6","BLB","Plains (0369)",""
"6","BLB","Carrot Cake",""
"6","M21","Swamp (0268)",""
"5","BLB","Blossoming Sands",""
"5","BLB","Might of the Meek",""
"5","BLB","Island (0372)",""
"5","BLB","Forest (0378)",""
"5","BLB","Heartfire Hero",""
"5","BLB","Emberheart Challenger",""
"5","PIP","Plains (0317)",""
"5","PIP","Mountain (0323)",""
"5","FDN","Fleeting Flight",""
"5","NEO","Island (0286)",""
"5","NEO","Biting-Palm Ninja",""
"5","WOE","Mountain (0274)",""
"5","WOE","Forest (0276)",""
"5","WOE","Swamp (0271)",""
"5","WOE","Plains (0268)",""
"4","BLB","Giant Growth",""
"4","BLB","Swiftwater Cliffs",""
"4","BLB","Burrowguard Mentor",""
"4","BLB","Manifold Mouse",""
"4","PIP","Plains (0318)",""
"4","PIP","Mountain (0324)",""
"4","TPIP","Copy",""
"4","FDN","Think Twice",""
"4","FDN","Gnarlid Colony",""
"4","FDN","Tolarian Terror",""
"4","FDN","Infestation Sage",""
"4","FDN","Gorehorn Raider",""
"4","FDN","Marauding Blight-Priest",""
"4","FDN","Spitfire Lagac",""
"4","FDN","Bigfin Bouncer",""
"4","FDN","Courageous Goblin",""
"4","FDN","Grow from the Ashes",""
"4","FDN","Soul-Shackled Zombie",""
"4","FDN","Goblin Surprise",""
"4","FDN","Goldvein Pick",""
"4","FDN","Macabre Waltz",""
"4","FDN","Treetop Snarespinner",""
"4","FDN","Lightshell Duo",""
"4","FDN","Witness Protection",""
"4","FDN","Thrill of Possibility",""
"4","FDN","Bushwhack",""
"4","FDN","Luminous Rebuke",""
"4","FDN","Llanowar Elves",""
"4","FDN","Armasaur Guide",""
"4","TFDN","Rabbit",""
"4","LCI","Mountain (0400)",""
"4","LCI","Forest (0401)",""
"4","LCI","Swamp (0398)",""
"4","LCI","Plains (0394)",""
"4","MID","Fading Hope",""
"4","MKM","Forest (0285)",""
"4","MKM","Plains (0278)",""
"4","MKM","Swamp (0282)",""
"4","NEO","Network Disruptor",""
"4","NEO","Moonsnare Specialist",""
"4","TNEO","Spirit",""
"4","OTJ","Inspiring Vantage",""
"4","OTJ","Demonic Ruckus",""
"4","WOE","Restless Bivouac",""
"4","WOE","Monstrous Rage",""
"4","WOE","Mountain (0273)",""
"4","WOE","Cheeky House-Mouse",""
"4","ZNR","Clearwater Pathway",""
"3","BLB","Pileated Provisioner",""
"3","BLB","Warren Elder",""
"3","BLB","Serra Redeemer",""
"3","BLB","Bonebind Orator",""
"3","BLB","Hop to It",""
"3","BLB","Thieving Otter",""
"3","BLB","Bellowing Crier",""
"3","BLB","Waterspout Warden",""
"3","BLB","Flame Lash",""
"3","BLB","Rabid Bite",""
"3","TPIP","Robot",""
"3","CLB","Plains (0453)",""
"3","FDN","Imprisoned in the Moon",""
"3","FDN","Beast-Kin Ranger",""
"3","FDN","Fleeting Distraction",""
"3","FDN","Healer's Hawk",""
"3","FDN","Giant Growth",""
"3","FDN","Cathar Commando",""
"3","FDN","Pilfer",""
"3","FDN","Incinerating Blast",""
"3","FDN","Bite Down",""
"3","FDN","Erudite Wizard",""
"3","FDN","Banishing Light",""
"3","FDN","Eaten Alive",""
"3","FDN","Fanatical Firebrand",""
"3","FDN","Gleaming Barrier",""
"3","FDN","Prideful Parent",""
"3","FDN","Tranquil Cove",""
"3","FDN","Uncharted Voyage",""
"3","FDN","Goblin Boarders",""
"3","FDN","Gutless Plunderer",""
"3","FDN","Run Away Together",""
"3","FDN","Felidar Savior",""
"3","FDN","Sanguine Syphoner",""
"3","FDN","Icewind Elemental",""
"3","FDN","Stab",""
"3","FDN","Involuntary Employment",""
"3","FDN","Vanguard Seraph",""
"3","FDN","Elementalist Adept",""
"3","FDN","Wary Thespian",""
"3","FDN","Strix Lookout",""
"3","FDN","Helpful Hunter",""
"3","FDN","Sower of Chaos",""
"3","FDN","Burglar Rat",""
"3","FDN","Evolving Wilds",""
"3","FDN","Elfsworn Giant",""
"3","FDN","Hungry Ghoul",""
"3","FDN","Firebrand Archer",""
"3","FDN","Dazzling Angel",""
"3","FDN","Billowing Shriekmass",""
"3","FDN","Cackling Prowler",""
"3","FDN","Hare Apparent",""
"3","FDN","Bake into a Pie",""
"3","FDN","Inspiring Paladin",""
"3","FDN","Apothecary Stomper",""
"3","FDN","Refute",""
"3","FDN","Mocking Sprite",""
"3","FDN","Quick-Draw Katana",""
"3","FDN","Vampire Soulcaller",""
"3","FDN","Ambush Wolf",""
"3","FDN","Fake Your Own Death",""
"3","FDN","Broken Wings",""
"3","FDN","Sure Strike",""
"3","FDN","Campus Guide",""
"3","FDN","Dwynen's Elite",""
"3","FDN","Crackling Cyclops",""
"3","FDN","Aegis Turtle",""
"3","FDN","Axgard Cavalry",""
"3","FDN","Make Your Move",""
"3","FDN","Burst Lightning",""
"3","FDN","Squad Rallier",""
"3","FDN","Crypt Feaster",""
"3","TFDN","Human",""
"3","TFDN","Food",""
"3","M3C","Battlefield Forge",""
"3","NEO","Thousand-Faced Shadow",""
"3","NEO","Nezumi Prowler",""
"3","NEO","Mukotai Ambusher",""
"3","NEO","Inkrise Infiltrator",""
"3","NEO","Befriending the Moths",""
"3","NEO","Heiko Yamazaki, the General",""
"3","NEO","The Shattered States Era",""
"3","NEO","Fang of Shigeki",""
"3","NEO","The Fall of Lord Konda",""
"3","NEO","The Modern Age",""
"3","NEO","Imperial Subduer",""
"3","NEO","Tales of Master Seshiro",""
"3","NEO","Okiba Reckoner Raid",""
"3","TNEO","Samurai",""
"3","PIP","Island (0319)",""
"3","WOE","Cheeky House-Mouse","foil"
"2","AFR","Hive of the Eye Tyrant",""
"2","AKH","Cursed Minotaur",""
"2","BFZ","Snapping Gnarlid",""
"2","BLB","Seedpod Squire",""
"2","BLB","Steampath Charger",""
"2","BLB","Clifftop Lookout",""
"2","BLB","Dire Downdraft",""
"2","TBLB","Otter",""
"2","BLB","Coruscation Mage",""
"2","BLB","Mockingbird",""
"2","BLB","Charmed Sleep",""
"2","BLB","Quaketusk Boar",""
"2","BLB","Rabid Gnaw",""
"2","BLB","Tempest Angler",""
"2","BLB","Repel Calamity",""
"2","BLB","Finneas, Ace Archer",""
"2","BLB","Plains (0265)",""
"2","BLB","Sonar Strike",""
"2","BLB","Mabel's Mettle",""
"2","BLB","War Squeak",""
"2","BLB","Diresight",""
"2","BLB","Three Tree Rootweaver",""
"2","BLB","Nightwhorl Hermit",""
"2","PIP","Arcane Signet",""
"2","PIP","Sol Ring",""
"2","PIP","Talisman of Conviction",""
"2","PIP","Ash Barrens",""
"2","PIP","Command Tower",""
"2","PIP","Evolving Wilds",""
"2","PIP","Clifftop Retreat",""
"2","PIP","Myriad Landscape",""
"2","PIP","Path of Ancestry",""
"2","PIP","Terramorphic Expanse",""
"2","PIP","Swamp (0321)",""
"2","PIP","Swamp (0322)",""
"2","TPIP","Soldier",""
"2","TPIP","Warrior",""
"2","CLB","Swamp (0459)",""
"2","CLB","Criminal Past",""
"2","CMR","Goblin Trailblazer",""
"2","DFT","Sunbillow Verge",""
"2","DFT","Scrap Compactor",""
"2","DFT","Ripclaw Wrangler",""
"2","DFT","Voyager Quickwelder",""
"2","DFT","Engine Rat",""
"2","DFT","Mutant Surveyor",""
"2","TDFT","Zombie",""
"2","FDN","Etali, Primal Storm",""
"2","FDN","Flamewake Phoenix",""
"2","FDN","Goblin Negotiation",""
"2","FDN","Mischievous Mystic",""
"2","FDN","Rogue's Passage",""
"2","FDN","Claws Out",""
"2","FDN","Rugged Highlands",""
"2","FDN","Shivan Dragon",""
"2","FDN","Angel of Finality",""
"2","FDN","Wildwood Scourge",""
"2","FDN","Meteor Golem",""
"2","FDN","Wardens of the Cycle",""
"2","FDN","Reassembling Skeleton",""
"2","FDN","An Offer You Can't Refuse",""
"2","FDN","Battlesong Berserker",""
"2","FDN","Reclamation Sage",""
"2","FDN","Blossoming Sands",""
"2","FDN","Savannah Lions",""
"2","FDN","Eager Trufflesnout",""
"2","FDN","Heartfire Immolator",""
"2","FDN","Resolute Reinforcements",""
"2","FDN","Nessian Hornbeetle",""
"2","FDN","Bloodfell Caves",""
"2","FDN","Faebloom Trick",""
"2","FDN","Micromancer",""
"2","FDN","Quakestrider Ceratops",""
"2","FDN","Guarded Heir",""
"2","FDN","Dismal Backwater",""
"2","FDN","Firespitter Whelp",""
"2","FDN","Swiftwater Cliffs",""
"2","FDN","Garruk's Uprising",""
"2","FDN","Rune-Sealed Wall",""
"2","FDN","Abrade",""
"2","FDN","Youthful Valkyrie",""
"2","FDN","Heraldic Banner",""
"2","FDN","Fiendish Panda",""
"2","FDN","Sanguine Syphoner","foil"
"2","TFDN","Elf Warrior",""
"2","TFDN","Faerie",""
"2","TFDN","Vivien Reid Emblem",""
"2","TFDN","Rat",""
"2","M19","Druid of the Cowl",""
"2","M19","Grasping Scoundrel",""
"2","M20","Scorch Spitter",""
"2","M21","Alpine Watchdog",""
"2","MID","Search Party Captain",""
"2","NEO","Nashi, Moon Sage's Scion",""
"2","NEO","Prosperous Thief",""
"2","NEO","Silver-Fur Master",""
"2","NEO","Satoru Umezawa",""
"2","NEO","Silver-Fur Master",""
"2","NEO","Prosperous Thief",""
"2","TNEO","Treasure",""
"2","NEO","Saiba Trespassers","foil"
"2","NEO","Mountain (0299)",""
"2","NEO","Mnemonic Sphere",""
"2","NEO","Dokuchi Shadow-Walker",""
"2","NEO","Seven-Tail Mentor",""
"2","NEO","Coiling Stalker",""
"2","NEO","Rugged Highlands",""
"2","NEO","Akki Ronin",""
"2","NEO","Selfless Samurai",""
"2","NEO","Jukai Trainee",""
"2","NEO","Moonsnare Prototype",""
"2","NEO","Skyswimmer Koi",""
"2","NEO","Azusa's Many Journeys",""
"2","NEO","Armguard Familiar",""
"2","NEO","Peerless Samurai",""
"2","NEO","Scoured Barrens",""
"2","NEO","Upriser Renegade",""
"2","NEO","Repel the Vile",""
"2","NEO","Enthusiastic Mechanaut",""
"2","NEO","Guardians of Oboro",""
"2","NEO","Michiko's Reign of Truth",""
"2","NEO","Nezumi Bladeblesser",""
"2","NEO","Scrapyard Steelbreaker",""
"2","NEO","Undercity Scrounger",""
"2","NEO","Behold the Unspeakable",""
"2","NEO","Sky-Blessed Samurai",""
"2","NEO","Norika Yamazaki, the Poet",""
"2","NEO","Sunblade Samurai",""
"2","NEO","Kumano Faces Kakkazan",""
"2","NEO","Era of Enlightenment",""
"2","NEO","Tranquil Cove",""
"2","NEO","The Long Reach of Night",""
"2","NEO","Life of Toshiro Umezawa",""
"2","NEO","Ecologist's Terrarium",""
"2","ONE","Skrelv, Defector Mite",""
"2","PIP","Island (0320)",""
"2","TPIP","Human Knight",""
"2","TPIP","Thopter",""
"2","TPIP","Treasure",""
"2","WHO","Shipwreck Marsh",""
"2","WOE","Archon's Glory",""
"2","ZNR","Merfolk Windrobber",""
"2","ZNR","Bloodchief's Thirst",""
"1","ACR","Plains (0102)",""
"1","ACR","Become Anonymous",""
"1","ACR","Cathartic Reunion",""
"1","ACR","Brotherhood Headquarters",""
"1","ACR","Bayek of Siwa",""
"1","ACR","Ezio, Brash Novice","foil"
"1","ACR","Brotherhood Headquarters","foil"
"1","AFC","Demanding Dragon",""
"1","AKH","Bone Picker",""
"1","AKH","Final Reward",""
"1","BBD","Pir's Whim",""
"1","BLB","Conduct Electricity","foil"
"1","BLB","Byrke, Long Ear of the Law","foil"
"1","BLB","Pond Prophet","foil"
"1","BLB","Scrapshooter",""
"1","BLB","Brightblade Stoat",""
"1","BLB","Oakhollow Village",""
"1","BLB","Intrepid Rabbit",""
"1","BLB","High Stride",""
"1","BLB","Byway Barterer",""
"1","BLB","Plumecreed Escort",""
"1","BLB","Teapot Slinger",""
"1","TBLB","Food",""
"1","BLB","Colossification",""
"1","BLB","Fecund Greenshell",""
"1","BLB","Moonstone Harbinger",""
"1","BLB","Hearthborn Battler",""
"1","BLB","Eddymurk Crab",""
"1","BLB","Thought Shucker",""
"1","BLB","Short Bow",""
"1","BLB","Fireglass Mentor",""
"1","BLB","Mind Drill Assailant",""
"1","BLB","Thornplate Intimidator",""
"1","BLB","Starlit Soothsayer",""
"1","BLB","Rust-Shield Rampager",""
"1","BLB","Brazen Collector",""
"1","BLB","Agate Assault",""
"1","BLB","Reptilian Recruiter",""
"1","BLB","Psychic Whorl",""
"1","BLB","Corpseberry Cultivator",""
"1","BLB","Uncharted Haven",""
"1","BLB","Bria, Riptide Rogue","foil"
"1","BLB","Sword of Vengeance",""
"1","BLB","Stormcatch Mentor",""
"1","BLB","Mind Spring",""
"1","BLB","Alania, Divergent Storm",""
"1","BLB","Forest (0278)",""
"1","BLB","Forest (0280)",""
"1","BLB","Overprotect",""
"1","BLB","Crumb and Get It",""
"1","BLB","Mabel, Heir to Cragflame",""
"1","BLB","Rockface Village",""
"1","TBLB","Starscape Cleric",""
"1","TBLB","Fish",""
"1","TBLB","Bushy Bodyguard",""
"1","BLB","Byway Barterer","foil"
"1","BLB","Veteran Guardmouse","foil"
"1","BLB","Island (0268)","foil"
"1","BLB","Dire Downdraft","foil"
"1","BLB","Carrot Cake","foil"
"1","BLB","Wildfire Howl","foil"
"1","BLB","Swamp (0270)","foil"
"1","BLB","Hidden Grotto",""
"1","BLB","Pond Prophet",""
"1","BLB","Fell",""
"1","BLB","Sugar Coat",""
"1","BLB","Parting Gust",""
"1","BLB","Blooming Blast",""
"1","BLB","Plains (0262)",""
"1","BLB","Scales of Shale",""
"1","BLB","Polliwallop",""
"1","BLB","Run Away Together",""
"1","BLB","Thistledown Players",""
"1","BLB","Roughshod Duo",""
"1","BLB","Three Tree Mascot",""
"1","BLB","Peerless Recycling",""
"1","BLB","Blacksmith's Talent",""
"1","BLB","Thundertrap Trainer",""
"1","BLB","Savor",""
"1","BLB","Cindering Cutthroat",""
"1","BLB","Downwind Ambusher",""
"1","BLB","Jolly Gerbils",""
"1","BLB","Consumed by Greed",""
"1","BLB","Mudflat Village",""
"1","BLB","Pawpatch Recruit",""
"1","BLB","Barkform Harvester",""
"1","BLB","Tangle Tumbler",""
"1","BLB","Galewind Moose",""
"1","BLB","Festival of Embers",""
"1","BLB","Azure Beastbinder",""
"1","BLB","Mountain (0275)",""
"1","BLB","Nettle Guard",""
"1","BLB","Bushy Bodyguard",""
"1","BLB","Builder's Talent",""
"1","BLB","Vinereap Mentor",""
"1","BLB","Hazardroot Herbalist",""
"1","BLB","Valley Flamecaller",""
"1","BLB","Forest (0279)",""
"1","C21","Battlefield Forge",""
"1","PIP","Caesar, Legion's Emperor","foil"
"1","PIP","Mr. House, President and CEO","foil"
"1","PIP","Gary Clone",""
"1","PIP","Butch DeLoria, Tunnel Snake",""
"1","PIP","White Glove Gourmand",""
"1","PIP","Charisma Bobblehead",""
"1","PIP","Luck Bobblehead",""
"1","PIP","Survivor's Med Kit",""
"1","PIP","Impassioned Orator",""
"1","PIP","Intangible Virtue",""
"1","PIP","Bastion of Remembrance",""
"1","PIP","Deadly Dispute",""
"1","PIP","Morbid Opportunist",""
"1","PIP","Pitiless Plunderer",""
"1","PIP","General's Enforcer",""
"1","PIP","Heroic Reinforcements",""
"1","PIP","Wear",""
"1","PIP","Skullclamp",""
"1","PIP","Talisman of Hierarchy",""
"1","PIP","Talisman of Indulgence",""
"1","PIP","Memorial to Glory",""
"1","PIP","Aradesh, the Founder",""
"1","PIP","Battle of Hoover Dam",""
"1","PIP","Overseer of Vault 76",""
"1","PIP","Securitron Squadron",""
"1","PIP","Ruthless Radrat",""
"1","PIP","Craig Boone, Novac Guard",""
"1","PIP","Legate Lanius, Caesar's Ace",""
"1","PIP","Sierra, Nuka's Biggest Fan",""
"1","PIP","Vault 75: Middle School",""
"1","PIP","Yes Man, Personal Securitron",""
"1","PIP","V.A.T.S.",""
"1","PIP","Wasteland Raider",""
"1","PIP","Mysterious Stranger",""
"1","PIP","Powder Ganger",""
"1","PIP","Rose, Cutthroat Raider",""
"1","PIP","Thrill-Kill Disciple",""
"1","PIP","Wild Wasteland",""
"1","PIP","Boomer Scrapper",""
"1","PIP","Colonel Autumn",""
"1","PIP","Desdemona, Freedom's Edge",""
"1","PIP","Elder Arthur Maxson",""
"1","PIP","Kellogg, Dangerous Mind",""
"1","PIP","MacCready, Lamplight Mayor",""
"1","PIP","The Nipton Lottery",""
"1","PIP","Paladin Elizabeth Taggerdy",""
"1","PIP","Vault 11: Voter's Dilemma",""
"1","PIP","ED-E, Lonesome Eyebot",""
"1","PIP","Desolate Mire",""
"1","PIP","Diamond City",""
"1","PIP","Captain of the Watch",""
"1","PIP","Entrapment Maneuver",""
"1","PIP","Hour of Reckoning",""
"1","PIP","Keeper of the Accord",""
"1","PIP","Marshal's Anthem",""
"1","PIP","Martial Coup",""
"1","PIP","Secure the Wastes",""
"1","PIP","Black Market",""
"1","PIP","Lethal Scheme",""
"1","PIP","Stolen Strategy",""
"1","PIP","Anguished Unmaking",""
"1","PIP","Assemble the Legion",""
"1","PIP","Fervent Charge",""
"1","PIP","Ruinous Ultimatum",""
"1","PIP","Canyon Slough",""
"1","PIP","Dragonskull Summit",""
"1","PIP","Isolated Chapel",""
"1","PIP","Shadowblood Ridge",""
"1","PIP","Smoldering Marsh",""
"1","PIP","Temple of Malice",""
"1","PIP","Temple of Silence",""
"1","PIP","Temple of Triumph",""
"1","PIP","Windbrisk Heights",""
"1","PIP","Nomad Outpost",""
"1","PIP","Tainted Field",""
"1","PIP","Tainted Peak",""
"1","TPIP","Soldier",""
"1","PIP","Temple of Silence",""
"1","PIP","ED-E, Lonesome Eyebot",""
"1","TCLB","Undercity",""
"1","CLB","Ravenloft Adventurer",""
"1","CLB","Sword Coast Serpent",""
"1","CLB","Dread Linnorm",""
"1","CLB","Ambition's Cost",""
"1","CLB","Sivriss, Nightmare Speaker",""
"1","CLB","Bonecaller Cleric",""
"1","CLB","Rilsa Rael, Kingpin",""
"1","CLB","Sea Gate",""
"1","CLB","Ellyn Harbreeze, Busybody",""
"1","CLB","Ingenious Artillerist",""
"1","CLB","Recruitment Drive",""
"1","CLB","Genasi Enforcers",""
"1","CLB","Trailblazer's Torch",""
"1","CLB","Reckless Barbarian",""
"1","CLB","Stoneskin",""
"1","CLB","Rasaad yn Bashir",""
"1","CLB","Slaughter the Strong",""
"1","CLB","Skanos Dragonheart",""
"1","CLB","Mighty Servant of Leuk-o",""
"1","CLB","Mountain (0465)",""
"1","CLB","Rilsa Rael, Kingpin",""
"1","CLB","Gray Harbor Merfolk",""
"1","CLB","Sea Hag",""
"1","CLB","Basilisk Gate","foil"
"1","CLB","Alora, Merry Thief","foil"
"1","CLB","Scaled Nurturer","foil"
"1","CLB","Duke Ulder Ravengard","foil"
"1","CMR","Dragon Mantle",""
"1","DFT","Ketramose, the New Dawn",""
"1","DFT","Daring Mechanic",""
"1","DFT","Pactdoll Terror",""
"1","DFT","Spotcycle Scouter",""
"1","DFT","Gloryheath Lynx",""
"1","DFT","Swiftwing Assailant",""
"1","DFT","Chitin Gravestalker",""
"1","DFT","Skybox Ferry",""
"1","DFT","Scoured Barrens",""
"1","DFT","Carrion Cruiser",""
"1","DFT","Starting Column",""
"1","DFT","Burner Rocket",""
"1","DFT","Night Market",""
"1","DFT","Spectral Interference",""
"1","DFT","Guidelight Synergist",""
"1","DFT","Gastal Raider",""
"1","DFT","Walking Sarcophagus",""
"1","DFT","Swamp (0283)",""
"1","DFT","Syphon Fuel",""
"1","DFT","Locust Spray",""
"1","DFT","Wretched Doll",""
"1","DFT","Deathless Pilot",""
"1","DFT","Momentum Breaker",""
"1","DFT","Foul Roads",""
"1","DFT","Glitch Ghost Surveyor",""
"1","DFT","Agonasaur Rex",""
"1","DFT","Swamp (0284)","foil"
"1","DFT","Carrion Cruiser","foil"
"1","DFT","Risky Shortcut","foil"
"1","DFT","Guidelight Matrix",""
"1","DFT","Swiftwater Cliffs",""
"1","DFT","Slick Imitator",""
"1","TDFT","Elephant",""
"1","TDFT","Start Your Engines!",""
"1","DMC","Odric, Lunarch Marshal",""
"1","DMR","Dragon Whelp",""
"1","DMR","Savannah Lions",""
"1","DMR","Serra Angel",""
"1","DMU","Forest (0276)",""
"1","DMU","Radha's Firebrand",""
"1","DMU","Najal, the Storm Runner",""
"1","DMU","Braids's Frightful Return",""
"1","DMU","Phyrexian Missionary",""
"1","DMU","Sunbathing Rootwalla",""
"1","DMU","Argivian Phalanx",""
"1","DMU","Shore Up",""
"1","DMU","Battlefly Swarm",""
"1","DMU","Sunlit Marsh",""
"1","DMU","Soaring Drake",""
"1","DMU","Crystal Grotto",""
"1","DMU","Furious Bellow",""
"1","DMU","Floriferous Vinewall",""
"1","DMU","Thrill of Possibility",""
"1","DMU","Plains (0262)",""
"1","DMU","Drag to the Bottom",""
"1","DMU","Queen Allenal of Ruadach",""
"1","DMU","Sheoldred's Restoration",""
"1","DMU","Shalai's Acolyte",""
"1","DMU","Tribute to Urborg",""
"1","DMU","Juniper Order Rootweaver",""
"1","DMU","Magnigoth Sentry",""
"1","DMU","Bone Splinters",""
"1","DMU","Vanquisher's Axe",""
"1","DMU","Tidepool Turtle",""
"1","DMU","Aggressive Sabotage",""
"1","DMU","Haunted Mire",""
"1","DMU","Meria's Outrider",""
"1","DMU","Vineshaper Prodigy",""
"1","TDMU","Soldier",""
"1","TDMU","Stangg Twin",""
"1","DOM","Mesa Unicorn",""
"1","DSC","Goryo's Vengeance","foil"
"1","ELD","Linden, the Steadfast Queen",""
"1","FDN","Island (0285)",""
"1","FDN","Forest (0290)",""
"1","FDN","Swamp (0287)",""
"1","FDN","Swamp (0286)",""
"1","FDN","Island (0284)",""
"1","FDN","Refute",""
"1","FDN","High Fae Trickster",""
"1","FDN","Time Stop",""
"1","FDN","Banner of Kinship",""
"1","FDN","Krenko, Mob Boss",""
"1","FDN","Zul Ashur, Lich Lord",""
"1","FDN","Soulstone Sanctuary",""
"1","FDN","Elvish Archdruid",""
"1","FDN","Mossborn Hydra",""
"1","FDN","Thousand-Year Storm",""
"1","FDN","Nine-Lives Familiar",""
"1","FDN","Drakuseth, Maw of Flames",""
"1","FDN","Abyssal Harvester",""
"1","FDN","Painful Quandary",""
"1","FDN","Homunculus Horde",""
"1","FDN","Extravagant Replication",""
"1","FDN","Preposterous Proportions",""
"1","FDN","Ashroot Animist",""
"1","FDN","Arahbo, the First Fang",""
"1","FDN","Kiora, the Rising Tide",""
"1","FDN","Rune-Scarred Demon",""
"1","FDN","Alesha, Who Laughs at Fate",""
"1","FDN","Kellan, Planar Trailblazer",""
"1","FDN","Brass's Bounty",""
"1","FDN","Exemplar of Light",""
"1","FDN","Kykar, Zephyr Awakener",""
"1","FDN","Searslicer Goblin",""
"1","FDN","Leyline Axe",""
"1","FDN","Archmage of Runes",""
"1","FDN","Anthem of Champions",""
"1","FDN","Koma, World-Eater",""
"1","FDN","Skyknight Squire",""
"1","FDN","Sylvan Scavenging",""
"1","FDN","Zul Ashur, Lich Lord",""
"1","FDN","Mossborn Hydra",""
"1","FDN","Authority of the Consuls",""
"1","FDN","Niv-Mizzet, Visionary",""
"1","FDN","Ajani, Caller of the Pride",""
"1","FDN","Progenitus",""
"1","FDN","Chandra, Flameshaper",""
"1","FDN","Sphinx of Forgotten Lore",""
"1","FDN","Rise of the Dark Realms",""
"1","FDN","Revenge of the Rats",""
"1","FDN","Snakeskin Veil",""
"1","FDN","Adventuring Gear",""
"1","FDN","Plains (0273)",""
"1","FDN","Infernal Vessel",""
"1","FDN","Frenzied Goblin",""
"1","FDN","Scoured Barrens",""
"1","FDN","Heroic Reinforcements",""
"1","FDN","Inspiration from Beyond",""
"1","FDN","Cat Collector",""
"1","FDN","Tragic Banshee",""
"1","FDN","Dwynen, Gilt-Leaf Daen",""
"1","FDN","Dreadwing Scavenger",""
"1","FDN","Spectral Sailor",""
"1","FDN","Ravenous Amulet",""
"1","FDN","Essence Scatter",""
"1","FDN","Diregraf Ghoul",""
"1","FDN","Plains (0272)",""
"1","FDN","Skyship Buccaneer",""
"1","FDN","Brazen Scourge",""
"1","FDN","Inspiring Call",""
"1","FDN","Ajani's Pridemate",""
"1","FDN","Dragon Trainer",""
"1","FDN","Hidetsugu's Second Rite",""
"1","FDN","Mischievous Pup",""
"1","FDN","Island (0274)",""
"1","FDN","Affectionate Indrik",""
"1","FDN","Vengeful Bloodwitch",""
"1","FDN","Zombify",""
"1","FDN","Juggernaut",""
"1","FDN","Self-Reflection",""
"1","FDN","Boltwave",""
"1","FDN","Mountain (0278)",""
"1","FDN","Aetherize",""
"1","FDN","Blanchwood Armor",""
"1","FDN","Midnight Snack",""
"1","FDN","Vampire Nighthawk",""
"1","FDN","Swiftfoot Boots",""
"1","FDN","Good-Fortune Unicorn",""
"1","FDN","Thornwood Falls",""
"1","FDN","Slumbering Cerberus",""
"1","FDN","Exsanguinate",""
"1","FDN","Needletooth Pack",""
"1","FDN","Divine Resilience",""
"1","FDN","Wind-Scarred Crag",""
"1","FDN","Strongbox Raider",""
"1","FDN","Balmor, Battlemage Captain",""
"1","FDN","Tatyova, Benthic Druid",""
"1","FDN","Perforating Artist",""
"1","FDN","Arbiter of Woe",""
"1","FDN","Felling Blow",""
"1","FDN","Vampire Gourmand",""
"1","FDN","Stroke of Midnight",""
"1","FDN","Jungle Hollow",""
"1","FDN","Seismic Rupture",""
"1","FDN","Fishing Pole",""
"1","FDN","Island (0275)",""
"1","FDN","Sun-Blessed Healer",""
"1","FDN","Mild-Mannered Librarian",""
"1","FDN","Brineborn Cutthroat",""
"1","FDN","Dauntless Veteran",""
"1","FDN","Grappling Kraken",""
"1","FDN","Clinquant Skymage",""
"1","FDN","Elvish Regrower",""
"1","FDN","Forest (0281)",""
"1","FDN","Burnished Hart",""
"1","FDN","Stromkirk Bloodthief",""
"1","FDN","Serra Angel",""
"1","FDN","Bulk Up",""
"1","FDN","Celestial Armor",""
"1","FDN","Seeker's Folly",""
"1","FDN","Secluded Courtyard",""
"1","FDN","Overrun",""
"1","FDN","Forest (0280)",""
"1","FDN","Joust Through",""
"1","FDN","Twinblade Blessing",""
"1","FDN","Arcane Epiphany",""
"1","FDN","Empyrean Eagle",""
"1","FDN","Hero's Downfall",""
"1","FDN","Fiery Annihilation",""
"1","FDN","Authority of the Consuls","foil"
"1","FDN","Genesis Wave","foil"
"1","FDN","Vivien Reid","foil"
"1","FDN","Kykar, Zephyr Awakener","foil"
"1","FDN","Frenzied Goblin","foil"
"1","FDN","Sure Strike","foil"
"1","FDN","Felidar Savior","foil"
"1","FDN","Broken Wings","foil"
"1","FDN","Fake Your Own Death","foil"
"1","FDN","Meteor Golem","foil"
"1","FDN","Banishing Light","foil"
"1","FDN","Spitfire Lagac","foil"
"1","FDN","Run Away Together","foil"
"1","FDN","Bake into a Pie","foil"
"1","FDN","Dreadwing Scavenger","foil"
"1","FDN","Thornwood Falls","foil"
"1","FDN","Needletooth Pack","foil"
"1","FDN","Brazen Scourge","foil"
"1","FDN","Think Twice","foil"
"1","FDN","Apothecary Stomper","foil"
"1","FDN","Secluded Courtyard","foil"
"1","FDN","Sower of Chaos","foil"
"1","FDN","Eaten Alive","foil"
"1","FDN","Snakeskin Veil","foil"
"1","FDN","Dwynen's Elite","foil"
"1","FDN","Claws Out","foil"
"1","FDN","Bloodfell Caves","foil"
"1","FDN","Ambush Wolf","foil"
"1","FDN","Arcane Epiphany","foil"
"1","FDN","Mischievous Mystic","foil"
"1","FDN","Helpful Hunter","foil"
"1","FDN","Vanguard Seraph","foil"
"1","FDN","Soul-Shackled Zombie","foil"
"1","FDN","Courageous Goblin","foil"
"1","FDN","Goblin Surprise","foil"
"1","FDN","Bigfin Bouncer","foil"
"1","FDN","Quakestrider Ceratops","foil"
"1","FDN","Rugged Highlands","foil"
"1","FDN","Swamp (0286)","foil"
"1","FDN","Dismal Backwater","foil"
"1","FDN","Island (0275)","foil"
"1","FDN","Swamp (0287)","foil"
"1","TFDN","Cat",""
"1","TFDN","Spirit",""
"1","TFDN","Drake",""
"1","TFDN","Goblin",""
"1","TFDN","Kaito, Cunning Infiltrator Emblem",""
"1","TFDN","Zombie",""
"1","TFDN","Scion of the Deep",""
"1","FDN","Forest (0290)","foil"
"1","FDN","Drake Hatcher",""
"1","GRN","Lava Coil",""
"1","GRN","Crushing Canopy",""
"1","GTC","Mugging",""
"1","IKO","Flame Spill",""
"1","INR","Shipwreck Marsh",""
"1","KHC","Banishing Light",""
"1","KHM","Demonic Gifts",""
"1","KLD","Aerial Responder",""
"1","LCI","Get Lost",""
"1","LCI","Gishath, Sun's Avatar",""
"1","LCI","Island (0288)",""
"1","LCI","Greedy Freebooter",""
"1","LCI","River Herald Scout",""
"1","LCI","Adaptive Gemguard",""
"1","LCI","Basking Capybara",""
"1","LCI","Tectonic Hazard",""
"1","LCI","Deep Goblin Skulltaker",""
"1","LCI","Marauding Brinefang",""
"1","LCI","Attentive Sunscribe",""
"1","LCI","Goblin Tomb Raider",""
"1","LCI","Lodestone Needle",""
"1","LCI","Market Gnome",""
"1","LCI","Contested Game Ball",""
"1","LCI","Ruin-Lurker Bat",""
"1","LCI","Etali's Favor",""
"1","LCI","Disturbed Slumber",""
"1","LCI","Skullcap Snail",""
"1","LCI","Unlucky Drop",""
"1","LCI","Ironpaw Aspirant",""
"1","LCI","Daring Discovery",""
"1","LCI","Runaway Boulder",""
"1","LCI","Pathfinding Axejaw",""
"1","LCI","Broodrage Mycoid",""
"1","LCI","Tithing Blade",""
"1","LCI","Pit of Offerings",""
"1","LCI","Bat Colony",""
"1","LCI","Hurl into History",""
"1","LCI","Pugnacious Hammerskull",""
"1","LCI","Hidden Nursery",""
"1","TLCI","Fungus",""
"1","LCI","Get Lost",""
"1","M13","Sentinel Spider",""
"1","M13","Vampire Nighthawk",""
"1","M19","Onakke Ogre",""
"1","M19","Goreclaw, Terror of Qal Sisma",""
"1","M19","Silverbeak Griffin",""
"1","M19","Mighty Leap",""
"1","M20","Volcanic Dragon",""
"1","M20","Overcome",""
"1","M20","Bogstomper",""
"1","M20","Pacifism",""
"1","M21","Subira, Tulzidi Caravanner",""
"1","M21","Chandra's Magmutt",""
"1","M21","Wildwood Patrol",""
"1","M21","Colossal Dreadmaw",""
"1","M21","Rise Again",""
"1","MAT","Kolaghan Warmonger",""
"1","MID","Shipwreck Marsh",""
"1","MID","Dawnhart Rejuvenator",""
"1","MID","Clear Shot",""
"1","MM3","Cavern of Souls","foil"
"1","MOM","Iridescent Blademaster",""
"1","NCC","Treeshaker Chimera",""
"1","NCC","Disciple of Bolas",""
"1","NEC","Myojin of Towering Might","foil"
"1","NEC","Kaima, the Fractured Calm",""
"1","NEC","Access Denied",""
"1","NEO","Dokuchi Silencer",""
"1","NEO","Takenuma, Abandoned Mire",""
"1","NEO","Dokuchi Silencer",""
"1","NEO","Swamp (0297)",""
"1","NEO","Island (0295)",""
"1","NEO","Swamp (0298)",""
"1","NEO","Island (0296)",""
"1","NEO","Otawara, Soaring City",""
"1","NEO","Swamp (0288)","foil"
"1","NEO","Island (0285)","foil"
"1","NEO","Spirited Companion",""
"1","NEO","Blossoming Sands","foil"
"1","NEO","The Wandering Emperor",""
"1","NEO","Fable of the Mirror-Breaker",""
"1","NEO","Kami of Industry","foil"
"1","NEO","Mukotai Ambusher","foil"
"1","NEO","Grafted Growth","foil"
"1","NEO","Invoke Calamity","foil"
"1","NEO","Michiko's Reign of Truth","foil"
"1","NEO","Kami's Flare","foil"
"1","NEO","Imperial Recovery Unit","foil"
"1","NEO","Peerless Samurai","foil"
"1","NEO","Scoured Barrens","foil"
"1","NEO","Unstoppable Ogre","foil"
"1","NEO","Historian's Wisdom","foil"
"1","NEO","Wind-Scarred Crag","foil"
"1","NEO","The Shattered States Era","foil"
"1","NEO","Suit Up","foil"
"1","NEO","Sokenzan Smelter","foil"
"1","NEO","Awakened Awareness","foil"
"1","NEO","Spring-Leaf Avenger","foil"
"1","NEO","Harmonious Emergence","foil"
"1","NEO","Sunblade Samurai","foil"
"1","NEO","Papercraft Decoy","foil"
"1","NEO","Circuit Mender","foil"
"1","NEO","Gift of Wrath","foil"
"1","NEO","Mobilizer Mech","foil"
"1","NEO","Mothrider Patrol","foil"
"1","NEO","Tales of Master Seshiro","foil"
"1","NEO","Debt to the Kami","foil"
"1","NEO","Spirited Companion","foil"
"1","NEO","Spell Pierce","foil"
"1","NEO","Inkrise Infiltrator","foil"
"1","NEO","Skyswimmer Koi","foil"
"1","NEO","Plains (0294)","foil"
"1","NEO","Farewell",""
"1","NEO","Eiganjo, Seat of the Empire",""
"1","NEO","Tezzeret, Betrayer of Flesh",""
"1","NEO","Plains (0294)",""
"1","NEO","Plains (0293)",""
"1","NEO","Mountain (0300)",""
"1","NEO","Forest (0301)",""
"1","NEO","Plains (0283)",""
"1","NEO","Plains (0284)",""
"1","NEO","Swamp (0287)",""
"1","NEO","Blossoming Sands",""
"1","NEO","Forest (0302)",""
"1","NEO","The Wandering Emperor",""
"1","NEO","Rabbit Battery",""
"1","NEO","Moon-Circuit Hacker",""
"1","NEO","Atsushi, the Blazing Sky",""
"1","NEO","You Are Already Dead",""
"1","NEO","The Reality Chip",""
"1","NEO","Debt to the Kami",""
"1","NEO","Kami of Restless Shadows",""
"1","NEO","Okiba Salvage",""
"1","NEO","Network Terminal",""
"1","NEO","Kotose, the Silent Spider",""
"1","NEO","Clawing Torment",""
"1","NEO","Covert Technician",""
"1","NEO","Kaito's Pursuit",""
"1","NEO","Invoke Despair",""
"1","NEO","Disruption Protocol",""
"1","NEO","Mukotai Ambusher",""
"1","NEO","Return to Action",""
"1","NEO","Blade-Blizzard Kitsune",""
"1","NEO","Replication Specialist",""
"1","NEO","Covert Technician",""
"1","NEO","Futurist Operative",""
"1","NEO","Moonsnare Specialist",""
"1","NEO","Moon-Circuit Hacker",""
"1","NEO","Grafted Growth",""
"1","NEO","Norika Yamazaki, the Poet",""
"1","NEO","Uncharted Haven",""
"1","NEO","Akki Ronin",""
"1","NEO","Experimental Synthesizer",""
"1","NEO","Imperial Oath",""
"1","NEO","Leech Gauntlet",""
"1","NEO","Acquisition Octopus",""
"1","NEO","Boseiju Reaches Skyward",""
"1","NEO","Golden-Tail Disciple",""
"1","NEO","Dragonfly Suit",""
"1","NEO","Suit Up",""
"1","NEO","Towashi Guide-Bot",""
"1","NEO","Walking Skyscraper",""
"1","NEO","Futurist Operative",""
"1","NEO","Crackling Emergence",""
"1","NEO","Harmonious Emergence",""
"1","NEO","Selfless Samurai",""
"1","NEO","Fade into Antiquity",""
"1","NEO","Invoke Justice",""
"1","NEO","Papercraft Decoy",""
"1","NEO","Inkrise Infiltrator",""
"1","NEO","Ninja's Kunai",""
"1","NEO","Tempered in Solitude",""
"1","NEO","Reckoner Shakedown",""
"1","NEO","Chainflail Centipede",""
"1","NEO","Mirrorshell Crab",""
"1","NEO","Go-Shintai of Ancient Wars",""
"1","NEO","Go-Shintai of Boundless Vigor",""
"1","NEO","Eiganjo Uprising",""
"1","NEO","Kami of Transience",""
"1","NEO","Wanderer's Intervention",""
"1","NEO","Tamiyo's Safekeeping",""
"1","NEO","Tamiyo's Compleation",""
"1","NEO","Roadside Reliquary",""
"1","NEO","March of Reckless Joy",""
"1","NEO","Sky-Blessed Samurai",""
"1","NEO","Kami's Flare",""
"1","NEO","Heir of the Ancient Fang",""
"1","NEO","Coiling Stalker",""
"1","NEO","Searchlight Companion",""
"1","NEO","High-Speed Hoverbike",""
"1","NEO","Reality Heist",""
"1","NEO","Risona, Asari Commander",""
"1","NEO","Intercessor's Arrest",""
"1","NEO","Regent's Authority",""
"1","NEO","Eiganjo Exemplar",""
"1","NEO","Sokenzan Smelter",""
"1","NEO","Oni-Cult Anvil",""
"1","NEO","Dockside Chef",""
"1","NEO","Goro-Goro, Disciple of Ryusei",""
"1","NEO","Reinforced Ronin",""
"1","NEO","Greater Tanuki",""
"1","NEO","Commune with Spirits",""
"1","NEO","Geothermal Kami",""
"1","NEO","Patchwork Automaton",""
"1","NEO","Dragonspark Reactor",""
"1","NEO","Tatsunari, Toad Rider",""
"1","NEO","Gloomshrieker",""
"1","NEO","Secluded Courtyard",""
"1","NEO","Reito Sentinel",""
"1","NEO","Unstoppable Ogre",""
"1","NEO","Peerless Samurai",""
"1","NEO","Bronzeplate Boar",""
"1","NEO","Ambitious Assault",""
"1","NEO","Reckoner Bankbuster",""
"1","NEO","Reckoner's Bargain",""
"1","NEO","Reinforced Ronin",""
"1","NEO","Asari Captain",""
"1","NEO","Satsuki, the Living Lore",""
"1","NEO","Heiko Yamazaki, the General",""
"1","NEO","March of Swirling Mist",""
"1","NEO","Cloudsteel Kirin",""
"1","NEO","Wind-Scarred Crag",""
"1","NEO","Simian Sling",""
"1","NEO","Brute Suit",""
"1","NEO","Brilliant Restoration",""
"1","NEO","Light the Way",""
"1","NEO","Thundersteel Colossus",""
"1","NEO","Assassin's Ink",""
"1","NEO","Boon of Boseiju",""
"1","NEO","Orochi Merge-Keeper",""
"1","NEO","When We Were Young",""
"1","NEO","Banishing Slash",""
"1","NEO","Naomi, Pillar of Order",""
"1","NEO","Mindlink Mech",""
"1","NEO","Inventive Iteration",""
"1","NEO","Ironhoof Boar",""
"1","NEO","Automated Artificer",""
"1","NEO","Runaway Trash-Bot",""
"1","NEO","Touch the Spirit Realm",""
"1","NEO","Saiba Trespassers",""
"1","NEO","Kami of Industry",""
"1","NEO","Lucky Offering",""
"1","NEO","Mobilizer Mech",""
"1","NEO","Mech Hangar",""
"1","NEO","Heir of the Ancient Fang",""
"1","NEO","Voltage Surge",""
"1","NEO","Shrine Steward",""
"1","NEO","Imperial Recovery Unit",""
"1","NEO","Prodigy's Prototype",""
"1","NEO","Towashi Songshaper",""
"1","NEO","Generous Visitor",""
"1","NEO","Invigorating Hot Spring",""
"1","NEO","Iron Apprentice",""
"1","NEO","Dramatist's Puppet",""
"1","NEO","Bearer of Memory",""
"1","NEO","Spinning Wheel Kick",""
"1","NEO","Kappa Tech-Wrecker",""
"1","NEO","Virus Beetle",""
"1","NEO","Lethal Exploit",""
"1","NEO","Short Circuit",""
"1","NEO","Moonfolk Puzzlemaker",""
"1","NEO","Containment Construct",""
"1","NEO","Anchor to Reality",""
"1","NEO","Dismal Backwater",""
"1","NEO","Seven-Tail Mentor",""
"1","NEO","Akki Ember-Keeper",""
"1","NEO","Akki War Paint",""
"1","NEO","Kindled Fury",""
"1","NEO","Isshin, Two Heavens as One",""
"1","NEO","Jugan Defends the Temple",""
"1","NEO","Blade-Blizzard Kitsune",""
"1","NEO","Thundering Raiju",""
"1","NEO","Jungle Hollow",""
"1","NEO","Mothrider Patrol",""
"1","NEO","Ancestral Katana",""
"1","NEO","Imperial Subduer",""
"1","NEO","Webspinner Cuff",""
"1","NEO","Jugan Defends the Temple",""
"1","NEO","Eiganjo Exemplar",""
"1","NEO","Jukai Preserver",""
"1","NEO","Master's Rebuke",""
"1","NEO","Fang of Shigeki",""
"1","NEO","Twisted Embrace",""
"1","NEO","Flame Discharge",""
"1","NEO","Upriser Renegade",""
"1","NEO","Gift of Wrath",""
"1","NEO","Favor of Jukai",""
"1","NEO","Jukai Trainee",""
"1","NEO","Hotshot Mechanic",""
"1","NEO","Born to Drive",""
"1","NEO","Invoke the Ancients",""
"1","NEO","Colossal Skyturtle",""
"1","NEO","Discover the Impossible",""
"1","NEO","Go-Shintai of Shared Purpose",""
"1","NEO","Surgehacker Mech",""
"1","NEO","Planar Incision",""
"1","NEO","Explosive Entry",""
"1","NEO","Spell Pierce",""
"1","NEO","Essence Capture",""
"1","NEO","Seismic Wave",""
"1","NEO","Gravelighter",""
"1","NEO","Raiyuu, Storm's Edge",""
"1","NEO","Bamboo Grove Archer",""
"1","NEO","Season of Renewal",""
"1","NEO","Careful Cultivation",""
"1","NEO","Sunblade Samurai",""
"1","NEO","Malicious Malfunction",""
"1","NEO","Circuit Mender",""
"1","NEO","Kami of Terrible Secrets",""
"1","NEO","Nezumi Bladeblesser",""
"1","NEO","Bloodfell Caves",""
"1","NEO","Kitsune Ace",""
"1","NEO","Futurist Sentinel",""
"1","NEO","Guardians of Oboro",""
"1","NEO","Twinshot Sniper",""
"1","NEO","Thirst for Knowledge",""
"1","TNEO","Construct",""
"1","TNEO","Construct",""
"1","TNEO","Pilot",""
"1","NEO","Kyodai, Soul of Kamigawa",""
"1","NEO","Coiling Stalker","foil"
"1","NEO","The Reality Chip","foil"
"1","NEO","Brilliant Restoration","foil"
"1","TNEO","Pilot","foil"
"1","NEO","Towashi Songshaper","foil"
"1","NEO","Towashi Guide-Bot","foil"
"1","NEO","Asari Captain","foil"
"1","NEO","Era of Enlightenment","foil"
"1","NEO","Island (0296)","foil"
"1","NEO","Sky-Blessed Samurai","foil"
"1","ONE","Vraan, Executioner Thane",""
"1","ORI","Reave Soul",""
"1","PIP","One with the Machine",""
"1","PIP","Wake the Past",""
"1","PIP","Mystic Forge",""
"1","PIP","Panharmonicon",""
"1","PIP","Solemn Simulacrum",""
"1","PIP","Steel Overseer",""
"1","PIP","Exotic Orchard",""
"1","PIP","Glacial Fortress",""
"1","PIP","Irrigated Farmland",""
"1","PIP","Prairie Stream",""
"1","PIP","Skycloud Expanse",""
"1","PIP","Spire of Industry",""
"1","PIP","Sulfur Falls",""
"1","PIP","Temple of Enlightenment",""
"1","PIP","Temple of Epiphany",""
"1","PIP","Treasure Vault",""
"1","PIP","Wayfarer's Bauble",""
"1","PIP","Buried Ruin",""
"1","PIP","Mystic Monastery",""
"1","PIP","Razortide Bridge",""
"1","PIP","Rustvale Bridge",""
"1","PIP","Silverbluff Bridge",""
"1","PIP","Mantle of the Ancients",""
"1","PIP","Thirst for Knowledge",""
"1","PIP","Whirler Rogue",""
"1","PIP","Loyal Apprentice",""
"1","PIP","Unexpected Windfall",""
"1","PIP","Everflowing Chalice",""
"1","PIP","Glimmer of Genius",""
"1","PIP","Swords to Plowshares",""
"1","PIP","Dispatch",""
"1","PIP","Crush Contraband",""
"1","PIP","Nuka-Cola Vending Machine",""
"1","PIP","Intelligence Bobblehead",""
"1","PIP","Expert-Level Safe",""
"1","PIP","Endurance Bobblehead",""
"1","PIP","C.A.M.P.",""
"1","PIP","Sentinel Sarah Lyons",""
"1","PIP","Shaun, Father of Synths",""
"1","PIP","Vault 112: Sadistic Simulation",""
"1","PIP","Brotherhood Vertibird",""
"1","PIP","T-45 Power Armor",""
"1","PIP","Ferrous Lake",""
"1","PIP","HELIOS One",""
"1","PIP","Austere Command",""
"1","PIP","Open the Vaults",""
"1","PIP","Mechanized Production",""
"1","PIP","Nick Valentine, Private Eye",""
"1","PIP","Synth Infiltrator",""
"1","PIP","Assaultron Dominator",""
"1","PIP","The Motherlode, Excavator",""
"1","PIP","Plasma Caster",""
"1","PIP","Synth Eradicator",""
"1","PIP","Arcade Gannon",""
"1","PIP","Electrosiphon",""
"1","PIP","Red Death, Shipwrecker",""
"1","PIP","Rex, Cyber-Hound",""
"1","PIP","Talisman of Progress",""
"1","PIP","Thought Vessel",""
"1","PIP","Automated Assembly Line",""
"1","PIP","Brotherhood Scribe",""
"1","PIP","Overencumbered",""
"1","PIP","The Prydwen, Steel Flagship",""
"1","PIP","Sentry Bot",""
"1","PIP","Vault 13: Dweller's Journey",""
"1","PIP","Curie, Emergent Intelligence",""
"1","PIP","James, Wandering Dad",""
"1","PIP","Nerd Rage",""
"1","PIP","Robobrain War Mind",""
"1","PIP","Bottle-Cap Blast",""
"1","PIP","Elder Owyn Lyons",""
"1","PIP","Behemoth of Vault 0",""
"1","PIP","Paladin Danse, Steel Maverick",""
"1","PIP","Lightning Greaves",""
"1","PIP","Mind Stone",""
"1","PIP","Talisman of Creativity",""
"1","TPIP","Food",""
"1","TPIP","Energy Reserve",""
"1","PIP","Liberty Prime, Recharged","foil"
"1","PIP","Dr. Madison Li","foil"
"1","PIP","Rampaging Yao Guai","foil"
"1","SLC","Lightning Helix",""
"1","SNC","Island (0264)",""
"1","SNC","Antagonize",""
"1","SNC","Crooked Custodian",""
"1","SOI","Voldaren Duelist",""
"1","THB","Pharika's Libation",""
"1","VOW","Valorous Stance",""
"1","WAR","Giant Growth",""
"1","WWK","Leatherback Baloth",""
"1","XLN","Territorial Hammerskull",""
"1","ZNR","Canopy Baloth",""
"1","ZNR","Dreadwurm",""
"1","ZNR","Canyon Jerboa",""
"1","PLST","Undead Slayer",""
"1","PLST","Architects of Will",""
"1","PLST","Llawan, Cephalid Empress",""
"1","PLST","Perpetual Timepiece",""
"1","PLST","Honden of Seeing Winds",""
