"Count","Edition","Collector Number","Name","Foil"
"12","TBLB","3","Rabbit",""
"11","TBLB","3","Rabbit","foil"
"8","BLB","200","Treeguard Duo",""
"7","BLB","170","Druid of the Spade",""
"6","BLB","16","Hop to It",""
"6","BLB","377","Forest",""
"6","BLB","370","Plains",""
"6","BLB","376","Mountain",""
"6","BLB","375","Mountain",""
"6","BLB","371","Island",""
"5","BLB","372","Island",""
"5","FDN","13","Fleeting Flight",""
"5","NEO","286","Island",""
"5","NEO","88","Biting-Palm Ninja",""
"4","BLB","393","Giant Growth",""
"4","BLB","26","Rabbit Response",""
"4","BLB","64","Pearl of Wisdom",""
"4","BLB","123","Alania's Pathmaker",""
"4","BLB","397","Swiftwater Cliffs",""
"4","BLB","378","Forest",""
"4","BLB","206","Burrowguard Mentor",""
"4","BLB","7","Carrot Cake",""
"4","FDN","165","Think Twice",""
"4","FDN","224","Gnarlid Colony",""
"4","FDN","167","Tolarian Terror",""
"4","FDN","64","Infestation Sage",""
"4","FDN","89","Gorehorn Raider",""
"4","FDN","178","Marauding Blight-Priest",""
"4","FDN","208","Spitfire Lagac",""
"4","FDN","31","Bigfin Bouncer",""
"4","FDN","82","Courageous Goblin",""
"4","FDN","225","Grow from the Ashes",""
"4","FDN","70","Soul-Shackled Zombie",""
"4","FDN","200","Goblin Surprise",""
"4","FDN","253","Goldvein Pick",""
"4","FDN","177","Macabre Waltz",""
"4","FDN","114","Treetop Snarespinner",""
"4","FDN","157","Lightshell Duo",""
"4","FDN","168","Witness Protection",""
"4","FDN","210","Thrill of Possibility",""
"4","FDN","215","Bushwhack",""
"4","FDN","20","Luminous Rebuke",""
"4","FDN","227","Llanowar Elves",""
"4","FDN","3","Armasaur Guide",""
"4","TFDN","5","Rabbit",""
"4","MID","51","Fading Hope",""
"4","NEO","71","Network Disruptor",""
"4","TNEO","2","Spirit",""
"4","ZNR","260","Clearwater Pathway // Murkwater Pathway",""
"3","BLB","25","Pileated Provisioner",""
"3","BLB","396","Blossoming Sands",""
"3","BLB","390","Thieving Otter",""
"3","BLB","42","Bellowing Crier",""
"3","BLB","80","Waterspout Warden",""
"3","BLB","391","Flame Lash",""
"3","BLB","369","Plains",""
"3","FDN","156","Imprisoned in the Moon",""
"3","FDN","100","Beast-Kin Ranger",""
"3","FDN","155","Fleeting Distraction",""
"3","FDN","142","Healer's Hawk",""
"3","FDN","223","Giant Growth",""
"3","FDN","139","Cathar Commando",""
"3","FDN","181","Pilfer",""
"3","FDN","90","Incinerating Blast",""
"3","FDN","212","Bite Down",""
"3","FDN","37","Erudite Wizard",""
"3","FDN","138","Banishing Light",""
"3","FDN","172","Eaten Alive",""
"3","FDN","195","Fanatical Firebrand",""
"3","FDN","252","Gleaming Barrier",""
"3","FDN","21","Prideful Parent",""
"3","FDN","270","Tranquil Cove",""
"3","FDN","53","Uncharted Voyage",""
"3","FDN","87","Goblin Boarders",""
"3","FDN","60","Gutless Plunderer",""
"3","FDN","162","Run Away Together",""
"3","FDN","12","Felidar Savior",""
"3","FDN","68","Sanguine Syphoner",""
"3","FDN","42","Icewind Elemental",""
"3","FDN","71","Stab",""
"3","FDN","203","Involuntary Employment",""
"3","FDN","28","Vanguard Seraph",""
"3","FDN","36","Elementalist Adept",""
"3","FDN","235","Wary Thespian",""
"3","FDN","52","Strix Lookout",""
"3","FDN","16","Helpful Hunter",""
"3","FDN","95","Sower of Chaos",""
"3","FDN","170","Burglar Rat",""
"3","FDN","262","Evolving Wilds",""
"3","FDN","103","Elfsworn Giant",""
"3","FDN","62","Hungry Ghoul",""
"3","FDN","196","Firebrand Archer",""
"3","FDN","9","Dazzling Angel",""
"3","FDN","56","Billowing Shriekmass",""
"3","FDN","101","Cackling Prowler",""
"3","FDN","15","Hare Apparent",""
"3","FDN","169","Bake into a Pie",""
"3","FDN","18","Inspiring Paladin",""
"3","FDN","99","Apothecary Stomper",""
"3","FDN","48","Refute",""
"3","FDN","159","Mocking Sprite",""
"3","FDN","130","Quick-Draw Katana",""
"3","FDN","75","Vampire Soulcaller",""
"3","FDN","98","Ambush Wolf",""
"3","FDN","174","Fake Your Own Death",""
"3","FDN","214","Broken Wings",""
"3","FDN","209","Sure Strike",""
"3","FDN","251","Campus Guide",""
"3","FDN","218","Dwynen's Elite",""
"3","FDN","83","Crackling Cyclops",""
"3","FDN","150","Aegis Turtle",""
"3","FDN","189","Axgard Cavalry",""
"3","FDN","143","Make Your Move",""
"3","FDN","192","Burst Lightning",""
"3","FDN","24","Squad Rallier",""
"3","FDN","59","Crypt Feaster",""
"3","TFDN","3","Human",""
"3","TFDN","22","Food",""
"3","NEO","86","Thousand-Faced Shadow",""
"3","NEO","116","Nezumi Prowler",""
"3","NEO","335","Moonsnare Specialist",""
"3","NEO","342","Mukotai Ambusher",""
"3","NEO","4","Befriending the Moths // Imperial Moth",""
"3","NEO","162","The Shattered States Era // Nameless Conqueror",""
"3","NEO","347","Fang of Shigeki",""
"3","NEO","12","The Fall of Lord Konda // Fragment of Konda",""
"3","NEO","66","The Modern Age // Vector Glider",""
"3","NEO","310","Imperial Subduer",""
"3","NEO","210","Tales of Master Seshiro // Seshiro's Living Legacy",""
"3","NEO","117","Okiba Reckoner Raid // Nezumi Road Captain",""
"3","TNEO","3","Samurai",""
"2","AFR","258","Hive of the Eye Tyrant",""
"2","BLB","37","Warren Elder",""
"2","BLB","387","Serra Redeemer",""
"2","BLB","168","Clifftop Lookout",""
"2","TBLB","25","Otter",""
"2","BLB","131","Coruscation Mage",""
"2","BLB","388","Charmed Sleep",""
"2","BLB","146","Quaketusk Boar",""
"2","BLB","147","Rabid Gnaw",""
"2","BLB","394","Rabid Bite",""
"2","BLB","27","Repel Calamity",""
"2","BLB","212","Finneas, Ace Archer",""
"2","BLB","265","Plains",""
"2","FDN","194","Etali, Primal Storm",""
"2","FDN","198","Flamewake Phoenix",""
"2","FDN","88","Goblin Negotiation",""
"2","FDN","47","Mischievous Mystic",""
"2","FDN","264","Rogue's Passage",""
"2","FDN","6","Claws Out",""
"2","FDN","265","Rugged Highlands",""
"2","FDN","206","Shivan Dragon",""
"2","FDN","136","Angel of Finality",""
"2","FDN","236","Wildwood Scourge",""
"2","FDN","256","Meteor Golem",""
"2","FDN","125","Wardens of the Cycle",""
"2","FDN","182","Reassembling Skeleton",""
"2","FDN","160","An Offer You Can't Refuse",""
"2","FDN","78","Battlesong Berserker",""
"2","FDN","231","Reclamation Sage",""
"2","FDN","260","Blossoming Sands",""
"2","FDN","146","Savannah Lions",""
"2","FDN","102","Eager Trufflesnout",""
"2","FDN","201","Heartfire Immolator",""
"2","FDN","145","Resolute Reinforcements",""
"2","FDN","229","Nessian Hornbeetle",""
"2","FDN","259","Bloodfell Caves",""
"2","FDN","38","Faebloom Trick",""
"2","FDN","158","Micromancer",""
"2","FDN","110","Quakestrider Ceratops",""
"2","FDN","14","Guarded Heir",""
"2","FDN","261","Dismal Backwater",""
"2","FDN","197","Firespitter Whelp",""
"2","FDN","268","Swiftwater Cliffs",""
"2","FDN","220","Garruk's Uprising",""
"2","FDN","49","Rune-Sealed Wall",""
"2","FDN","188","Abrade",""
"2","FDN","149","Youthful Valkyrie",""
"2","FDN","254","Heraldic Banner",""
"2","FDN","120","Fiendish Panda",""
"2","FDN","68","Sanguine Syphoner","foil"
"2","TFDN","19","Elf Warrior",""
"2","TFDN","9","Faerie",""
"2","TFDN","25","Vivien Reid Emblem",""
"2","TFDN","14","Rat",""
"2","NEO","343","Nashi, Moon Sage's Scion",""
"2","NEO","336","Prosperous Thief",""
"2","NEO","353","Silver-Fur Master",""
"2","NEO","234","Satoru Umezawa",""
"2","NEO","236","Silver-Fur Master",""
"2","NEO","73","Prosperous Thief",""
"2","TNEO","17","Treasure",""
"2","NEO","299","Mountain",""
"2","NEO","64","Mnemonic Sphere",""
"2","NEO","339","Dokuchi Shadow-Walker",""
"2","NEO","341","Inkrise Infiltrator",""
"2","NEO","36","Seven-Tail Mentor",""
"2","NEO","346","Coiling Stalker",""
"2","NEO","273","Rugged Highlands",""
"2","NEO","319","Akki Ronin",""
"2","NEO","35","Selfless Samurai",""
"2","NEO","326","Jukai Trainee",""
"2","NEO","321","Heiko Yamazaki, the General",""
"2","NEO","69","Moonsnare Prototype",""
"2","NEO","79","Skyswimmer Koi",""
"2","NEO","172","Azusa's Many Journeys // Likeness of the Seeker",""
"2","NEO","46","Armguard Familiar",""
"2","NEO","322","Peerless Samurai",""
"2","NEO","274","Scoured Barrens",""
"2","NEO","324","Upriser Renegade",""
"2","NEO","218","Enthusiastic Mechanaut",""
"2","NEO","317","Guardians of Oboro",""
"2","NEO","29","Michiko's Reign of Truth // Portrait of Michiko",""
"2","NEO","318","Nezumi Bladeblesser",""
"2","NEO","160","Scrapyard Steelbreaker",""
"2","NEO","126","Undercity Scrounger",""
"2","NEO","48","Behold the Unspeakable // Vision of the Unspeakable",""
"2","NEO","37","Sky-Blessed Samurai",""
"2","NEO","31","Norika Yamazaki, the Poet",""
"2","NEO","315","Sunblade Samurai",""
"2","NEO","152","Kumano Faces Kakkazan // Etching of Kumano",""
"2","NEO","11","Era of Enlightenment // Hand of Enlightenment",""
"2","NEO","280","Tranquil Cove",""
"2","NEO","109","The Long Reach of Night // Animus of Night's Reach",""
"2","NEO","108","Life of Toshiro Umezawa // Memory of Toshiro",""
"2","NEO","246","Ecologist's Terrarium",""
"2","WHO","305","Shipwreck Marsh",""
"2","ZNR","70","Merfolk Windrobber",""
"2","ZNR","94","Bloodchief's Thirst",""
"1","ACR","102","Plains",""
"1","BBD","73","Pir's Whim",""
"1","BLB","130","Conduct Electricity","foil"
"1","BLB","380","Byrke, Long Ear of the Law","foil"
"1","BLB","229","Pond Prophet","foil"
"1","BLB","191","Scrapshooter",""
"1","BLB","4","Brightblade Stoat",""
"1","BLB","258","Oakhollow Village",""
"1","BLB","17","Intrepid Rabbit",""
"1","BLB","176","High Stride",""
"1","BLB","129","Byway Barterer",""
"1","BLB","14","Flowerfoot Swordmaster",""
"1","BLB","65","Plumecreed Escort",""
"1","BLB","157","Teapot Slinger",""
"1","BLB","232","Seedpod Squire",""
"1","BLB","153","Steampath Charger",""
"1","BLB","84","Bonebind Orator",""
"1","TBLB","27","Food",""
"1","BLB","381","Hop to It",""
"1","BLB","392","Colossification",""
"1","BLB","171","Fecund Greenshell",""
"1","BLB","101","Moonstone Harbinger",""
"1","BLB","139","Hearthborn Battler",""
"1","BLB","48","Eddymurk Crab",""
"1","BLB","77","Thought Shucker",""
"1","BLB","248","Short Bow",""
"1","BLB","213","Fireglass Mentor",""
"1","BLB","225","Mind Drill Assailant",""
"1","BLB","117","Thornplate Intimidator",""
"1","BLB","115","Starlit Soothsayer",""
"1","BLB","190","Rust-Shield Rampager",""
"1","BLB","144","Might of the Meek",""
"1","BLB","128","Brazen Collector",""
"1","BLB","122","Agate Assault",""
"1","BLB","149","Reptilian Recruiter",""
"1","BLB","105","Psychic Whorl",""
"1","BLB","46","Dire Downdraft",""
"1","BLB","210","Corpseberry Cultivator",""
"1","BLB","261","Uncharted Haven",""
"1","BLB","379","Bria, Riptide Rogue","foil"
"1","BLB","395","Sword of Vengeance",""
"1","BLB","61","Mockingbird",""
"1","BLB","234","Stormcatch Mentor",""
"1","BLB","389","Mind Spring",""
"1","BLB","235","Tempest Angler",""
"1","BLB","204","Alania, Divergent Storm",""
"1","BLB","278","Forest",""
"1","BLB","280","Forest",""
"1","BLB","185","Overprotect",""
"1","FDN","285","Island",""
"1","FDN","290","Forest",""
"1","FDN","287","Swamp",""
"1","FDN","286","Swamp",""
"1","FDN","284","Island",""
"1","FDN","313","Refute",""
"1","FDN","40","High Fae Trickster",""
"1","FDN","166","Time Stop",""
"1","FDN","127","Banner of Kinship",""
"1","FDN","204","Krenko, Mob Boss",""
"1","FDN","77","Zul Ashur, Lich Lord",""
"1","FDN","133","Soulstone Sanctuary",""
"1","FDN","219","Elvish Archdruid",""
"1","FDN","107","Mossborn Hydra",""
"1","FDN","248","Thousand-Year Storm",""
"1","FDN","66","Nine-Lives Familiar",""
"1","FDN","193","Drakuseth, Maw of Flames",""
"1","FDN","54","Abyssal Harvester",""
"1","FDN","179","Painful Quandary",""
"1","FDN","41","Homunculus Horde",""
"1","FDN","154","Extravagant Replication",""
"1","FDN","109","Preposterous Proportions",""
"1","FDN","117","Ashroot Animist",""
"1","FDN","2","Arahbo, the First Fang",""
"1","FDN","45","Kiora, the Rising Tide",""
"1","FDN","184","Rune-Scarred Demon",""
"1","FDN","115","Alesha, Who Laughs at Fate",""
"1","FDN","91","Kellan, Planar Trailblazer",""
"1","FDN","190","Brass's Bounty",""
"1","FDN","11","Exemplar of Light",""
"1","FDN","122","Kykar, Zephyr Awakener",""
"1","FDN","93","Searslicer Goblin",""
"1","FDN","129","Leyline Axe",""
"1","FDN","30","Archmage of Runes",""
"1","FDN","116","Anthem of Champions",""
"1","FDN","121","Koma, World-Eater",""
"1","FDN","23","Skyknight Squire",""
"1","FDN","342","Sylvan Scavenging",""
"1","FDN","326","Zul Ashur, Lich Lord",""
"1","FDN","337","Mossborn Hydra",""
"1","FDN","137","Authority of the Consuls",""
"1","FDN","350","Niv-Mizzet, Visionary",""
"1","FDN","134","Ajani, Caller of the Pride",""
"1","FDN","244","Progenitus",""
"1","FDN","81","Chandra, Flameshaper",""
"1","FDN","51","Sphinx of Forgotten Lore",""
"1","FDN","183","Rise of the Dark Realms",""
"1","FDN","67","Revenge of the Rats",""
"1","FDN","233","Snakeskin Veil",""
"1","FDN","249","Adventuring Gear",""
"1","FDN","273","Plains",""
"1","FDN","63","Infernal Vessel",""
"1","FDN","199","Frenzied Goblin",""
"1","FDN","266","Scoured Barrens",""
"1","FDN","241","Heroic Reinforcements",""
"1","FDN","43","Inspiration from Beyond",""
"1","FDN","4","Cat Collector",""
"1","FDN","73","Tragic Banshee",""
"1","FDN","217","Dwynen, Gilt-Leaf Daen",""
"1","FDN","118","Dreadwing Scavenger",""
"1","FDN","164","Spectral Sailor",""
"1","FDN","131","Ravenous Amulet",""
"1","FDN","153","Essence Scatter",""
"1","FDN","171","Diregraf Ghoul",""
"1","FDN","272","Plains",""
"1","FDN","50","Skyship Buccaneer",""
"1","FDN","191","Brazen Scourge",""
"1","FDN","226","Inspiring Call",""
"1","FDN","135","Ajani's Pridemate",""
"1","FDN","84","Dragon Trainer",""
"1","FDN","202","Hidetsugu's Second Rite",""
"1","FDN","144","Mischievous Pup",""
"1","FDN","274","Island",""
"1","FDN","211","Affectionate Indrik",""
"1","FDN","76","Vengeful Bloodwitch",""
"1","FDN","187","Zombify",""
"1","FDN","255","Juggernaut",""
"1","FDN","163","Self-Reflection",""
"1","FDN","79","Boltwave",""
"1","FDN","278","Mountain",""
"1","FDN","151","Aetherize",""
"1","FDN","213","Blanchwood Armor",""
"1","FDN","65","Midnight Snack",""
"1","FDN","186","Vampire Nighthawk",""
"1","FDN","258","Swiftfoot Boots",""
"1","FDN","240","Good-Fortune Unicorn",""
"1","FDN","269","Thornwood Falls",""
"1","FDN","94","Slumbering Cerberus",""
"1","FDN","173","Exsanguinate",""
"1","FDN","108","Needletooth Pack",""
"1","FDN","10","Divine Resilience",""
"1","FDN","271","Wind-Scarred Crag",""
"1","FDN","96","Strongbox Raider",""
"1","FDN","237","Balmor, Battlemage Captain",""
"1","FDN","247","Tatyova, Benthic Druid",""
"1","FDN","124","Perforating Artist",""
"1","FDN","55","Arbiter of Woe",""
"1","FDN","105","Felling Blow",""
"1","FDN","74","Vampire Gourmand",""
"1","FDN","148","Stroke of Midnight",""
"1","FDN","263","Jungle Hollow",""
"1","FDN","205","Seismic Rupture",""
"1","FDN","128","Fishing Pole",""
"1","FDN","275","Island",""
"1","FDN","25","Sun-Blessed Healer",""
"1","FDN","228","Mild-Mannered Librarian",""
"1","FDN","152","Brineborn Cutthroat",""
"1","FDN","8","Dauntless Veteran",""
"1","FDN","39","Grappling Kraken",""
"1","FDN","33","Clinquant Skymage",""
"1","FDN","104","Elvish Regrower",""
"1","FDN","281","Forest",""
"1","FDN","250","Burnished Hart",""
"1","FDN","185","Stromkirk Bloodthief",""
"1","FDN","147","Serra Angel",""
"1","FDN","80","Bulk Up",""
"1","FDN","5","Celestial Armor",""
"1","FDN","69","Seeker's Folly",""
"1","FDN","267","Secluded Courtyard",""
"1","FDN","230","Overrun",""
"1","FDN","280","Forest",""
"1","FDN","19","Joust Through",""
"1","FDN","26","Twinblade Blessing",""
"1","FDN","29","Arcane Epiphany",""
"1","FDN","239","Empyrean Eagle",""
"1","FDN","175","Hero's Downfall",""
"1","FDN","86","Fiery Annihilation",""
"1","FDN","137","Authority of the Consuls","foil"
"1","FDN","334","Genesis Wave","foil"
"1","FDN","234","Vivien Reid","foil"
"1","FDN","348","Kykar, Zephyr Awakener","foil"
"1","FDN","199","Frenzied Goblin","foil"
"1","FDN","209","Sure Strike","foil"
"1","FDN","12","Felidar Savior","foil"
"1","FDN","214","Broken Wings","foil"
"1","FDN","174","Fake Your Own Death","foil"
"1","FDN","256","Meteor Golem","foil"
"1","FDN","138","Banishing Light","foil"
"1","FDN","208","Spitfire Lagac","foil"
"1","FDN","162","Run Away Together","foil"
"1","FDN","169","Bake into a Pie","foil"
"1","FDN","118","Dreadwing Scavenger","foil"
"1","FDN","269","Thornwood Falls","foil"
"1","FDN","108","Needletooth Pack","foil"
"1","FDN","191","Brazen Scourge","foil"
"1","FDN","165","Think Twice","foil"
"1","FDN","99","Apothecary Stomper","foil"
"1","FDN","267","Secluded Courtyard","foil"
"1","FDN","95","Sower of Chaos","foil"
"1","FDN","172","Eaten Alive","foil"
"1","FDN","233","Snakeskin Veil","foil"
"1","FDN","218","Dwynen's Elite","foil"
"1","FDN","6","Claws Out","foil"
"1","FDN","259","Bloodfell Caves","foil"
"1","FDN","98","Ambush Wolf","foil"
"1","FDN","29","Arcane Epiphany","foil"
"1","FDN","47","Mischievous Mystic","foil"
"1","FDN","16","Helpful Hunter","foil"
"1","FDN","28","Vanguard Seraph","foil"
"1","FDN","70","Soul-Shackled Zombie","foil"
"1","FDN","82","Courageous Goblin","foil"
"1","FDN","200","Goblin Surprise","foil"
"1","FDN","31","Bigfin Bouncer","foil"
"1","FDN","110","Quakestrider Ceratops","foil"
"1","FDN","265","Rugged Highlands","foil"
"1","FDN","286","Swamp","foil"
"1","FDN","261","Dismal Backwater","foil"
"1","FDN","275","Island","foil"
"1","FDN","287","Swamp","foil"
"1","TFDN","1","Cat",""
"1","TFDN","7","Spirit",""
"1","TFDN","8","Drake",""
"1","TFDN","18","Goblin",""
"1","TFDN","24","Kaito, Cunning Infiltrator Emblem",""
"1","TFDN","15","Zombie",""
"1","TFDN","13","Scion of the Deep",""
"1","FDN","290","Forest","foil"
"1","FDN","35","Drake Hatcher",""
"1","INR","284","Shipwreck Marsh",""
"1","MID","267","Shipwreck Marsh",""
"1","NEC","38","Myojin of Towering Might","foil"
"1","NEC","3","Kaima, the Fractured Calm",""
"1","NEO","95","Dokuchi Silencer",""
"1","NEO","278","Takenuma, Abandoned Mire",""
"1","NEO","340","Dokuchi Silencer",""
"1","NEO","297","Swamp",""
"1","NEO","295","Island",""
"1","NEO","298","Swamp",""
"1","NEO","296","Island",""
"1","NEO","271","Otawara, Soaring City",""
"1","NEO","288","Swamp","foil"
"1","NEO","285","Island","foil"
"1","NEO","38","Spirited Companion",""
"1","NEO","265","Blossoming Sands","foil"
"1","NEO","303","The Wandering Emperor",""
"1","NEO","141","Fable of the Mirror-Breaker // Reflection of Kiki-Jiki",""
"1","NEO","149","Kami of Industry","foil"
"1","NEO","112","Mukotai Ambusher","foil"
"1","NEO","188","Grafted Growth","foil"
"1","NEO","384","Invoke Calamity","foil"
"1","NEO","29","Michiko's Reign of Truth // Portrait of Michiko","foil"
"1","NEO","150","Kami's Flare","foil"
"1","NEO","18","Imperial Recovery Unit","foil"
"1","NEO","322","Peerless Samurai","foil"
"1","NEO","274","Scoured Barrens","foil"
"1","NEO","169","Unstoppable Ogre","foil"
"1","NEO","192","Historian's Wisdom","foil"
"1","NEO","282","Wind-Scarred Crag","foil"
"1","NEO","162","The Shattered States Era // Nameless Conqueror","foil"
"1","NEO","81","Suit Up","foil"
"1","NEO","164","Sokenzan Smelter","foil"
"1","NEO","47","Awakened Awareness","foil"
"1","NEO","349","Spring-Leaf Avenger","foil"
"1","NEO","190","Harmonious Emergence","foil"
"1","NEO","39","Sunblade Samurai","foil"
"1","NEO","253","Papercraft Decoy","foil"
"1","NEO","242","Circuit Mender","foil"
"1","NEO","143","Gift of Wrath","foil"
"1","NEO","65","Mobilizer Mech","foil"
"1","NEO","77","Saiba Trespassers","foil"
"1","NEO","30","Mothrider Patrol","foil"
"1","NEO","210","Tales of Master Seshiro // Seshiro's Living Legacy","foil"
"1","NEO","92","Debt to the Kami","foil"
"1","NEO","38","Spirited Companion","foil"
"1","NEO","80","Spell Pierce","foil"
"1","NEO","100","Inkrise Infiltrator","foil"
"1","NEO","79","Skyswimmer Koi","foil"
"1","NEO","294","Plains","foil"
"1","NEO","13","Farewell",""
"1","NEO","268","Eiganjo, Seat of the Empire",""
"1","NEO","84","Tezzeret, Betrayer of Flesh",""
"1","NEO","294","Plains",""
"1","NEO","293","Plains",""
"1","NEO","300","Mountain",""
"1","NEO","301","Forest",""
"1","NEO","283","Plains",""
"1","NEO","284","Plains",""
"1","NEO","287","Swamp",""
"1","NEO","265","Blossoming Sands",""
"1","NEO","302","Forest",""
"1","NEO","42","The Wandering Emperor",""
"1","NEO","157","Rabbit Battery",""
"1","NEO","334","Moon-Circuit Hacker",""
"1","NEO","134","Atsushi, the Blazing Sky",""
"1","NEO","129","You Are Already Dead",""
"1","NEO","74","The Reality Chip",""
"1","NEO","92","Debt to the Kami",""
"1","NEO","104","Kami of Restless Shadows",""
"1","NEO","118","Okiba Salvage",""
"1","NEO","251","Network Terminal",""
"1","NEO","228","Kotose, the Silent Spider",""
"1","NEO","91","Clawing Torment",""
"1","NEO","49","Covert Technician",""
"1","NEO","103","Kaito's Pursuit",""
"1","NEO","101","Invoke Despair",""
"1","NEO","51","Disruption Protocol",""
"1","NEO","112","Mukotai Ambusher",""
"1","NEO","121","Return to Action",""
"1","NEO","331","Blade-Blizzard Kitsune",""
"1","NEO","76","Replication Specialist",""
"1","NEO","332","Covert Technician",""
"1","NEO","333","Futurist Operative",""
"1","NEO","70","Moonsnare Specialist",""
"1","NEO","67","Moon-Circuit Hacker",""
"1","NEO","188","Grafted Growth",""
"1","NEO","311","Norika Yamazaki, the Poet",""
"1","NEO","281","Uncharted Haven",""
"1","NEO","131","Akki Ronin",""
"1","NEO","138","Experimental Synthesizer",""
"1","NEO","17","Imperial Oath",""
"1","NEO","106","Leech Gauntlet",""
"1","NEO","44","Acquisition Octopus",""
"1","NEO","177","Boseiju Reaches Skyward // Branch of Boseiju",""
"1","NEO","15","Golden-Tail Disciple",""
"1","NEO","9","Dragonfly Suit",""
"1","NEO","81","Suit Up",""
"1","NEO","262","Towashi Guide-Bot",""
"1","NEO","263","Walking Skyscraper",""
"1","NEO","53","Futurist Operative",""
"1","NEO","136","Crackling Emergence",""
"1","NEO","190","Harmonious Emergence",""
"1","NEO","312","Selfless Samurai",""
"1","NEO","182","Fade into Antiquity",""
"1","NEO","21","Invoke Justice",""
"1","NEO","253","Papercraft Decoy",""
"1","NEO","100","Inkrise Infiltrator",""
"1","NEO","252","Ninja's Kunai",""
"1","NEO","165","Tempered in Solitude",""
"1","NEO","119","Reckoner Shakedown",""
"1","NEO","90","Chainflail Centipede",""
"1","NEO","63","Mirrorshell Crab",""
"1","NEO","144","Go-Shintai of Ancient Wars",""
"1","NEO","187","Go-Shintai of Boundless Vigor",""
"1","NEO","217","Eiganjo Uprising",""
"1","NEO","197","Kami of Transience",""
"1","NEO","41","Wanderer's Intervention",""
"1","NEO","211","Tamiyo's Safekeeping",""
"1","NEO","83","Tamiyo's Compleation",""
"1","NEO","272","Roadside Reliquary",""
"1","NEO","154","March of Reckless Joy",""
"1","NEO","314","Sky-Blessed Samurai",""
"1","NEO","150","Kami's Flare",""
"1","NEO","191","Heir of the Ancient Fang",""
"1","NEO","179","Coiling Stalker",""
"1","NEO","258","Searchlight Companion",""
"1","NEO","247","High-Speed Hoverbike",""
"1","NEO","75","Reality Heist",""
"1","NEO","330","Risona, Asari Commander",""
"1","NEO","33","Repel the Vile",""
"1","NEO","20","Intercessor's Arrest",""
"1","NEO","32","Regent's Authority",""
"1","NEO","10","Eiganjo Exemplar",""
"1","NEO","164","Sokenzan Smelter",""
"1","NEO","230","Oni-Cult Anvil",""
"1","NEO","93","Dockside Chef",""
"1","NEO","320","Goro-Goro, Disciple of Ryusei",""
"1","NEO","323","Reinforced Ronin",""
"1","NEO","189","Greater Tanuki",""
"1","NEO","180","Commune with Spirits",""
"1","NEO","186","Geothermal Kami",""
"1","NEO","254","Patchwork Automaton",""
"1","NEO","137","Dragonspark Reactor",""
"1","NEO","123","Tatsunari, Toad Rider",""
"1","NEO","219","Gloomshrieker",""
"1","NEO","275","Secluded Courtyard",""
"1","NEO","256","Reito Sentinel",""
"1","NEO","169","Unstoppable Ogre",""
"1","NEO","156","Peerless Samurai",""
"1","NEO","135","Bronzeplate Boar",""
"1","NEO","133","Ambitious Assault",""
"1","NEO","255","Reckoner Bankbuster",""
"1","NEO","120","Reckoner's Bargain",""
"1","NEO","158","Reinforced Ronin",""
"1","NEO","215","Asari Captain",""
"1","NEO","235","Satsuki, the Living Lore",""
"1","NEO","146","Heiko Yamazaki, the General",""
"1","NEO","372","March of Swirling Mist",""
"1","NEO","8","Cloudsteel Kirin",""
"1","NEO","282","Wind-Scarred Crag",""
"1","NEO","163","Simian Sling",""
"1","NEO","241","Brute Suit",""
"1","NEO","7","Brilliant Restoration",""
"1","NEO","24","Light the Way",""
"1","NEO","261","Thundersteel Colossus",""
"1","NEO","87","Assassin's Ink",""
"1","NEO","176","Boon of Boseiju",""
"1","NEO","203","Orochi Merge-Keeper",""
"1","NEO","43","When We Were Young",""
"1","NEO","3","Banishing Slash",""
"1","NEO","229","Naomi, Pillar of Order",""
"1","NEO","62","Mindlink Mech",""
"1","NEO","57","Inventive Iteration // Living Breakthrough",""
"1","NEO","148","Ironhoof Boar",""
"1","NEO","239","Automated Artificer",""
"1","NEO","257","Runaway Trash-Bot",""
"1","NEO","40","Touch the Spirit Realm",""
"1","NEO","77","Saiba Trespassers",""
"1","NEO","149","Kami of Industry",""
"1","NEO","27","Lucky Offering",""
"1","NEO","65","Mobilizer Mech",""
"1","NEO","270","Mech Hangar",""
"1","NEO","325","Heir of the Ancient Fang",""
"1","NEO","171","Voltage Surge",""
"1","NEO","259","Shrine Steward",""
"1","NEO","18","Imperial Recovery Unit",""
"1","NEO","231","Prodigy's Prototype",""
"1","NEO","167","Towashi Songshaper",""
"1","NEO","185","Generous Visitor",""
"1","NEO","223","Invigorating Hot Spring",""
"1","NEO","248","Iron Apprentice",""
"1","NEO","244","Dramatist's Puppet",""
"1","NEO","174","Bearer of Memory",""
"1","NEO","207","Spinning Wheel Kick",""
"1","NEO","198","Kappa Tech-Wrecker",""
"1","NEO","128","Virus Beetle",""
"1","NEO","107","Lethal Exploit",""
"1","NEO","78","Short Circuit",""
"1","NEO","68","Moonfolk Puzzlemaker",""
"1","NEO","243","Containment Construct",""
"1","NEO","45","Anchor to Reality",""
"1","NEO","267","Dismal Backwater",""
"1","NEO","313","Seven-Tail Mentor",""
"1","NEO","130","Akki Ember-Keeper",""
"1","NEO","132","Akki War Paint",""
"1","NEO","151","Kindled Fury",""
"1","NEO","224","Isshin, Two Heavens as One",""
"1","NEO","359","Jugan Defends the Temple // Remnant of the Rising Star",""
"1","NEO","5","Blade-Blizzard Kitsune",""
"1","NEO","166","Thundering Raiju",""
"1","NEO","269","Jungle Hollow",""
"1","NEO","30","Mothrider Patrol",""
"1","NEO","1","Ancestral Katana",""
"1","NEO","19","Imperial Subduer",""
"1","NEO","214","Webspinner Cuff",""
"1","NEO","194","Jugan Defends the Temple // Remnant of the Rising Star",""
"1","NEO","309","Eiganjo Exemplar",""
"1","NEO","195","Jukai Preserver",""
"1","NEO","202","Master's Rebuke",""
"1","NEO","183","Fang of Shigeki",""
"1","NEO","125","Twisted Embrace",""
"1","NEO","142","Flame Discharge",""
"1","NEO","170","Upriser Renegade",""
"1","NEO","143","Gift of Wrath",""
"1","NEO","184","Favor of Jukai",""
"1","NEO","196","Jukai Trainee",""
"1","NEO","16","Hotshot Mechanic",""
"1","NEO","6","Born to Drive",""
"1","NEO","193","Invoke the Ancients",""
"1","NEO","216","Colossal Skyturtle",""
"1","NEO","50","Discover the Impossible",""
"1","NEO","14","Go-Shintai of Shared Purpose",""
"1","NEO","260","Surgehacker Mech",""
"1","NEO","72","Planar Incision",""
"1","NEO","139","Explosive Entry",""
"1","NEO","80","Spell Pierce",""
"1","NEO","52","Essence Capture",""
"1","NEO","161","Seismic Wave",""
"1","NEO","98","Gravelighter",""
"1","NEO","232","Raiyuu, Storm's Edge",""
"1","NEO","173","Bamboo Grove Archer",""
"1","NEO","205","Season of Renewal",""
"1","NEO","178","Careful Cultivation",""
"1","NEO","39","Sunblade Samurai",""
"1","NEO","110","Malicious Malfunction",""
"1","NEO","242","Circuit Mender",""
"1","NEO","105","Kami of Terrible Secrets",""
"1","NEO","115","Nezumi Bladeblesser",""
"1","NEO","264","Bloodfell Caves",""
"1","NEO","22","Kitsune Ace",""
"1","NEO","54","Futurist Sentinel",""
"1","NEO","56","Guardians of Oboro",""
"1","NEO","168","Twinshot Sniper",""
"1","NEO","85","Thirst for Knowledge",""
"1","TNEO","6","Construct",""
"1","TNEO","15","Construct",""
"1","TNEO","1","Pilot",""
"1","SNC","264","Island",""
